{
    "topic": "Algebra",
    "subtopic": "Partial Fractions",
    "question_type": "Calculation",
    "difficulty": "Medium",
    "paper_number": "P3",
    "images": {
        "question": "Q11.jpg",
        "answer": "Q11_ans.jpg"
    },
    "subtopic_details": [
        "Recall and carry out decomposition where the denominator is no more complex than (ax+b)(cx+d)(ex+f), (ax+b)(cx+d)\u00b2, or (ax+b)(cx\u00b2+d).",
        "Excludes cases where the degree of the numerator exceeds that of the denominator."
    ]
}