{
    "topic": "Trigonometry",
    "subtopic": "Identities and R-Formula",
    "question_type": "Calculation",
    "difficulty": "Medium",
    "paper_number": "P3",
    "images": {
        "question": "Q7.jpg",
        "answer": "Q7_ans.jpg"
    },
    "subtopic_details": [
        "Use identities including sec\u00b2\u03b8 \u2261 1 + tan\u00b2\u03b8 and cosec\u00b2\u03b8 \u2261 1 + cot\u00b2\u03b8.",
        "Use expansions of sin(A \u00b1 B), cos(A \u00b1 B), tan(A \u00b1 B), and double angle formulae.",
        "Express a sin\u03b8 + b cos\u03b8 in the forms R sin(\u03b8 \u00b1 \u03b1) and R cos(\u03b8 \u00b1 \u03b1)."
    ]
}